	repository	contributors
0	richibrics/PyMonitorMQTT	0
1	MoussaR84/YukaNew	0
2	DobrowolskiPrzemyslaw/My_R_Projekts	0
3	tikv/tikv	388
4	hirofumi0810/neural_sp	10
5	18018748346/mytest	2
6	mozilla/glean.js	16
7	rsksmart/devportal	65
8	amundsen-io/amundsenfrontendlibrary	50
9	philipabbey/fpga	1
10	slack-go/slack	339
11	Sam2288/Sam2288.github.io	0
12	MxtthewJW/academic_website	2
13	daniildn/project	0
14	tarek-lazaar/ansible-web-static	1
15	Les-Moddeurs-Francais/Forge-Doc	8
16	pbaffiliate25/repoLocalShaRes	1
17	Lombiq/Orchard	248
18	sonata-project/twig-extensions	16
19	AlexMulprogrammist/food-recipe-app	1
20	jiongust/pancakeswap-bot	1
21	grubersjoe/daddel	1
22	fatfi/fat-protocol	1
23	ra-res/ra-res	1
24	saby/wasaby-cdn	69
25	internetztube/jaukerl-ooe-archive	2
26	exasol/virtual-schemas	24
27	frahofer/Artikelverwaltung	2
28	PokoShih/NewsLetter	1
29	soupi/learn-haskell-blog-generator	13
30	rautesamtr/thermal_comfort	20
31	mozilla-mobile/android-components	217
32	ibm-apiconnect/test-and-monitor	11
33	starcoinorg/starcoin	46
34	pequet/public-logs	2
35	RenatYakublevich/equilibrium	1
36	Lukem121/Daily-news-headlines	1
37	JDS-Shirayuki/cse110-w21-group2-web	0
38	Skeebyyy/Psych-Engine-Android-Port	2
39	hmmlearn/hmmlearn	41
40	GeotrekCE/Geotrek-rando-v3	19
41	skelerang/yt-dislike-in-desc	1
42	Lombiq/Orchard	248
43	jesec/pkg-fetch	22
44	filecoin-project/filecoin-docs	125
45	shinYeongHyeon/go-times	2
46	commit-b0t/commit-b0t	0
47	plaidbait91/testrepo	2
48	Tab1806/java-programs	1
49	DanNorstrom/nas_software	1
50	zww0019/zww0019pic	1
51	nextcloud/vm	76
52	56utyuyt/2bf17041-a7ee-492d-ab29-36b2ea69b96e	0
53	Lavie92/j2team-school	2
54	pelorz/Deeplearning_	1
55	commit-b0t/commit-b0t	0
56	graphql/graphql-wg	184
57	purusottam11/Amazon-api	2
58	ChihHanHuang/Quantum_C2C	2
59	githubXQ2021/Git-Demo	1
60	TomTomB/universe	3
61	kimsangyeon/Luffy-blog	0
62	scenaristeur/ess-table	2
63	HenkMutsaerts/ExploreASL-1	0
